Type,Ligne,Identifiant de l'élément,Structure,Statut de l'élément,Nom base français,Nom attribut français,Nom frontière français,Code de la catégorie,Tags français,Unité français,Contributeur,Programme,Url du programme,Source,Localisation géographique,Sous-localisation géographique français,Date de création,Date de modification,Période de validité,Incertitude,Réglementations,Transparence,Qualité,Qualité TeR,Qualité GR,Qualité TiR,Qualité C,Qualité P,Qualité M,Commentaire français,Type poste,Nom poste français,Total poste non décomposé,CO2f,CH4f,CH4b,N2O,Code gaz supplémentaire 1,Valeur gaz supplémentaire 1,Code gaz supplémentaire 2,Valeur gaz supplémentaire 2,Code gaz supplémentaire 3,Valeur gaz supplémentaire 3,Code gaz supplémentaire 4,Valeur gaz supplémentaire 4,Code gaz supplémentaire 5,Valeur gaz supplémentaire 5,Autres GES,CO2b
,Poste,14740,élément décomposé par gaz,Valide générique,Traitement des eaux usées,en station d'épuration,part N2O,Process et émissions fugitives > Déchets > Traitement des eaux usées > Eaux usées urbaines,"nitritication / dénitrification, eaux usées",kgCO2e/kg NTK,ADEME,,,ASTEE,France continentale,France continentale,Octobre 2014,Septembre 2018,déc-21,400%,Données de l'article L229-25 de la loi TECV,,,,,,,,,,Total Non Décomposé,,0.193,0,0,0,0.193,,,,,,,,,,,0,0
,Poste,14741,élément décomposé par gaz,Valide générique,Traitement des eaux usées,en station d'épuration,part CH4,Process et émissions fugitives > Déchets > Traitement des eaux usées > Eaux usées urbaines,eaux usées,kgCO2e/kg DCO éliminée,ADEME,,,ASTEE,France continentale,France continentale,Octobre 2014,Septembre 2018,déc-21,50%,Données de l'article L229-25 de la loi TECV,,,,,,,,,,Total Non Décomposé,,5.60E-3,0,0,5.60E-3,0,,,,,,,,,,,0,0
,Elément,22021,élément décomposé par poste et par gaz,Valide générique,Papier,fin de vie stockage,,Traitement des déchets > Déchets organiques > Papiers,"centre de stockage, papier fin de vie",kgCO2e/tonne,ADEME,,,,France continentale,France continentale,Novembre 2014,Novembre 2014,Décembre 2017,,,,,,,,,,,,,,1018,33,985,0,0,,,,,,,,,,,0,579
,Poste,22021,élément décomposé par poste et par gaz,Valide générique,Papier,fin de vie stockage,,Traitement des déchets > Déchets organiques > Papiers,"centre de stockage, papier fin de vie",kgCO2e/tonne,ADEME,,,,France continentale,France continentale,Novembre 2014,Novembre 2014,Décembre 2017,,,,,,,,,,,,Collecte,,18,18,0,0,0,,,,,,,,,,,0,0
,Poste,22021,élément décomposé par poste et par gaz,Valide générique,Papier,fin de vie stockage,,Traitement des déchets > Déchets organiques > Papiers,"centre de stockage, papier fin de vie",kgCO2e/tonne,ADEME,,,,France continentale,France continentale,Novembre 2014,Novembre 2014,Décembre 2017,,,,,,,,,,,,Traitement,centre de stockage,15,15,0,0,0,,,,,,,,,,,0,0
,Poste,22021,élément décomposé par poste et par gaz,Valide générique,Papier,fin de vie stockage,,Traitement des déchets > Déchets organiques > Papiers,"centre de stockage, papier fin de vie",kgCO2e/tonne,ADEME,,,,France continentale,France continentale,Novembre 2014,Novembre 2014,Décembre 2017,,,,,,,,,,,,Fuites,CH4 et CO2 non capté,985,0,985,0,0,,,,,,,,,,,0,344
,Poste,22021,élément décomposé par poste et par gaz,Valide générique,Papier,fin de vie stockage,,Traitement des déchets > Déchets organiques > Papiers,"centre de stockage, papier fin de vie",kgCO2e/tonne,ADEME,,,,France continentale,France continentale,Novembre 2014,Novembre 2014,Décembre 2017,,,,,,,,,,,,Incinération,CH4 capté,0,0,0,0,0,,,,,,,,,,,0,234
,Elément,22022,élément décomposé par poste et par gaz,Valide générique,Papier,fin de vie incinération,,Traitement des déchets > Déchets organiques > Papiers,"incinération, papier fin de vie",kgCO2e/tonne,ADEME,,,,France continentale,France continentale,Novembre 2014,Novembre 2014,Décembre 2017,,,,,,,,,,,,,,46.6,36,0,0,10.6,,,,,,,,,,,0,1393
,Poste,22022,élément décomposé par poste et par gaz,Valide générique,Papier,fin de vie incinération,,Traitement des déchets > Déchets organiques > Papiers,"incinération, papier fin de vie",kgCO2e/tonne,ADEME,,,,France continentale,France continentale,Novembre 2014,Novembre 2014,Décembre 2017,,,,,,,,,,,,Collecte,,18,18,0,0,0,,,,,,,,,,,0,0
,Poste,22022,élément décomposé par poste et par gaz,Valide générique,Papier,fin de vie incinération,,Traitement des déchets > Déchets organiques > Papiers,"incinération, papier fin de vie",kgCO2e/tonne,ADEME,,,,France continentale,France continentale,Novembre 2014,Novembre 2014,Décembre 2017,,,,,,,,,,,,Traitement,incinérateur,18,18,0,0,0,,,,,,,,,,,0,0
,Poste,22022,élément décomposé par poste et par gaz,Valide générique,Papier,fin de vie incinération,,Traitement des déchets > Déchets organiques > Papiers,"incinération, papier fin de vie",kgCO2e/tonne,ADEME,,,,France continentale,France continentale,Novembre 2014,Novembre 2014,Décembre 2017,,,,,,,,,,,,Incinération,,10.6,0,0,0,10.6,,,,,,,,,,,0,1393
,Elément,22023,élément décomposé par poste et par gaz,Valide générique,Papier,fin de vie compost,,Traitement des déchets > Déchets organiques > Papiers,"compostage, papier fin de vie",kgCO2e/tonne,ADEME,,,,France continentale,France continentale,Novembre 2014,Novembre 2014,Décembre 2017,,,,,,,,,,,,,,86.7,36,8.07,0,42.7,,,,,,,,,,,0,540
,Poste,22023,élément décomposé par poste et par gaz,Valide générique,Papier,fin de vie compost,,Traitement des déchets > Déchets organiques > Papiers,"compostage, papier fin de vie",kgCO2e/tonne,ADEME,,,,France continentale,France continentale,Novembre 2014,Novembre 2014,Décembre 2017,,,,,,,,,,,,Collecte,,18,18,0,0,0,,,,,,,,,,,0,0
,Poste,22023,élément décomposé par poste et par gaz,Valide générique,Papier,fin de vie compost,,Traitement des déchets > Déchets organiques > Papiers,"compostage, papier fin de vie",kgCO2e/tonne,ADEME,,,,France continentale,France continentale,Novembre 2014,Novembre 2014,Décembre 2017,,,,,,,,,,,,Traitement,composteur,18,18,0,0,0,,,,,,,,,,,0,0
,Poste,22023,élément décomposé par poste et par gaz,Valide générique,Papier,fin de vie compost,,Traitement des déchets > Déchets organiques > Papiers,"compostage, papier fin de vie",kgCO2e/tonne,ADEME,,,,France continentale,France continentale,Novembre 2014,Novembre 2014,Décembre 2017,,,,,,,,,,,,Fuites,,50.7,0,8.07,0,42.7,,,,,,,,,,,0,540
,Poste,22024,élément décomposé par gaz,Valide générique,Papier,fin de vie moyenne,,Traitement des déchets > Déchets organiques > Papiers,papier fin de vie,kgCO2e/tonne,ADEME,,,,France continentale,France continentale,Novembre 2014,Novembre 2014,Décembre 2017,,,,,,,,,,,,Total Non Décomposé,,43.1,33.6,9.48,0,7.46E-3,,,,,,,,,,,0,345
,Elément,22025,élément non décomposé,Valide générique,Emissions évitées,"papier, fin de vie stockage",,Traitement des déchets > Déchets organiques > Papiers,emissions évitées papier,kgCO2e/tonne,ADEME,,,,France continentale,France continentale,Novembre 2014,Novembre 2014,Décembre 2017,,,,,,,,,,,,,,-23.8,,,,,,,,,,,,,,,,
,Elément,22026,élément non décomposé,Valide générique,Emissions évitées,"papier, fin de vie incinération",,Traitement des déchets > Déchets organiques > Papiers,emissions évitées papier,kgCO2e/tonne,ADEME,,,,France continentale,France continentale,Novembre 2014,Novembre 2014,Décembre 2017,,,,,,,,,,,,,,-267,,,,,,,,,,,,,,,,
,Elément,22027,élément non décomposé,Valide générique,Emissions évitées,"papier, fin de vie compost",,Traitement des déchets > Déchets organiques > Papiers,emissions évitées papier,kgCO2e/tonne,ADEME,,,,France continentale,France continentale,Novembre 2014,Novembre 2014,Décembre 2017,,,,,,,,,,,,,,-26,,,,,,,,,,,,,,,,
,Elément,22028,élément non décomposé,Valide générique,Emissions évitées,"papier, fin de vie moyenne",,Traitement des déchets > Déchets organiques > Papiers,emissions évitées papier,kgCO2e/tonne,ADEME,,,,France continentale,France continentale,Novembre 2014,Novembre 2014,Décembre 2017,,,,,,,,,,,,,,-43.3,,,,,,,,,,,,,,,,
,Elément,22029,élément décomposé par poste et par gaz,Valide générique,Carton,fin de vie stockage,,Traitement des déchets > Déchets organiques > Cartons,"carton fin de vie, centre de stockage",kgCO2e/tonne,ADEME,,,,France continentale,France continentale,Novembre 2014,Avril 2019,Décembre 2017,,,,,,,,,,,<p>Le stockage considéré capte le méthane</p>,,,162,33,129,0,0,,,,,,,,,,,0,558
,Poste,22029,élément décomposé par poste et par gaz,Valide générique,Carton,fin de vie stockage,,Traitement des déchets > Déchets organiques > Cartons,"carton fin de vie, centre de stockage",kgCO2e/tonne,ADEME,,,,France continentale,France continentale,Novembre 2014,Avril 2019,Décembre 2017,,,,,,,,,,,<p>Le stockage considéré capte le méthane</p>,Collecte,,18,18,0,0,0,,,,,,,,,,,0,0
,Poste,22029,élément décomposé par poste et par gaz,Valide générique,Carton,fin de vie stockage,,Traitement des déchets > Déchets organiques > Cartons,"carton fin de vie, centre de stockage",kgCO2e/tonne,ADEME,,,,France continentale,France continentale,Novembre 2014,Avril 2019,Décembre 2017,,,,,,,,,,,<p>Le stockage considéré capte le méthane</p>,Traitement,centre de stockage,15,15,0,0,0,,,,,,,,,,,0,0
,Poste,22029,élément décomposé par poste et par gaz,Valide générique,Carton,fin de vie stockage,,Traitement des déchets > Déchets organiques > Cartons,"carton fin de vie, centre de stockage",kgCO2e/tonne,ADEME,,,,France continentale,France continentale,Novembre 2014,Avril 2019,Décembre 2017,,,,,,,,,,,<p>Le stockage considéré capte le méthane</p>,Fuites,CH4 et CO2 non capté,129,0,129,0,0,,,,,,,,,,,0,332
,Poste,22029,élément décomposé par poste et par gaz,Valide générique,Carton,fin de vie stockage,,Traitement des déchets > Déchets organiques > Cartons,"carton fin de vie, centre de stockage",kgCO2e/tonne,ADEME,,,,France continentale,France continentale,Novembre 2014,Avril 2019,Décembre 2017,,,,,,,,,,,<p>Le stockage considéré capte le méthane</p>,Incinération,CH4 capté,0,0,0,0,0,,,,,,,,,,,0,226
,Elément,22030,élément décomposé par poste et par gaz,Valide générique,Carton,fin de vie incinération,,Traitement des déchets > Déchets organiques > Cartons,"carton fin de vie, incinération",kgCO2e/tonne,ADEME,,,,France continentale,France continentale,Novembre 2014,Novembre 2014,Décembre 2017,,,,,,,,,,,,,,46.6,36,0,0,10.6,,,,,,,,,,,0,1393
,Poste,22030,élément décomposé par poste et par gaz,Valide générique,Carton,fin de vie incinération,,Traitement des déchets > Déchets organiques > Cartons,"carton fin de vie, incinération",kgCO2e/tonne,ADEME,,,,France continentale,France continentale,Novembre 2014,Novembre 2014,Décembre 2017,,,,,,,,,,,,Collecte,,18,18,0,0,0,,,,,,,,,,,0,0
,Poste,22030,élément décomposé par poste et par gaz,Valide générique,Carton,fin de vie incinération,,Traitement des déchets > Déchets organiques > Cartons,"carton fin de vie, incinération",kgCO2e/tonne,ADEME,,,,France continentale,France continentale,Novembre 2014,Novembre 2014,Décembre 2017,,,,,,,,,,,,Traitement,incinérateur,18,18,0,0,0,,,,,,,,,,,0,0
,Poste,22030,élément décomposé par poste et par gaz,Valide générique,Carton,fin de vie incinération,,Traitement des déchets > Déchets organiques > Cartons,"carton fin de vie, incinération",kgCO2e/tonne,ADEME,,,,France continentale,France continentale,Novembre 2014,Novembre 2014,Décembre 2017,,,,,,,,,,,,Incinération,,10.6,0,0,0,10.6,,,,,,,,,,,0,1393
,Elément,22031,élément décomposé par poste et par gaz,Valide générique,Carton,fin de vie compost,,Traitement des déchets > Déchets organiques > Cartons,"carton fin de vie, compostage",kgCO2e/tonne,ADEME,,,,France continentale,France continentale,Novembre 2014,Novembre 2014,Décembre 2017,,,,,,,,,,,,,,86.7,36,8.07,0,42.7,,,,,,,,,,,0,540
,Poste,22031,élément décomposé par poste et par gaz,Valide générique,Carton,fin de vie compost,,Traitement des déchets > Déchets organiques > Cartons,"carton fin de vie, compostage",kgCO2e/tonne,ADEME,,,,France continentale,France continentale,Novembre 2014,Novembre 2014,Décembre 2017,,,,,,,,,,,,Collecte,,18,18,0,0,0,,,,,,,,,,,0,0
,Poste,22031,élément décomposé par poste et par gaz,Valide générique,Carton,fin de vie compost,,Traitement des déchets > Déchets organiques > Cartons,"carton fin de vie, compostage",kgCO2e/tonne,ADEME,,,,France continentale,France continentale,Novembre 2014,Novembre 2014,Décembre 2017,,,,,,,,,,,,Traitement,composteur,18,18,0,0,0,,,,,,,,,,,0,0
,Poste,22031,élément décomposé par poste et par gaz,Valide générique,Carton,fin de vie compost,,Traitement des déchets > Déchets organiques > Cartons,"carton fin de vie, compostage",kgCO2e/tonne,ADEME,,,,France continentale,France continentale,Novembre 2014,Novembre 2014,Décembre 2017,,,,,,,,,,,,Fuites,,50.7,0,8.07,0,42.7,,,,,,,,,,,0,540
,Poste,22032,élément décomposé par gaz,Valide générique,Carton,fin de vie moyenne,,Traitement des déchets > Déchets organiques > Cartons,carton fin de vie,kgCO2e/tonne,ADEME,,,,France continentale,France continentale,Novembre 2014,Novembre 2014,Décembre 2017,,,,,,,,,,,,Total Non Décomposé,,37.9,33.3,4.57,0,3.73E-3,,,,,,,,,,,0,170
,Elément,22033,élément non décomposé,Valide générique,Emissions évitées,"carton, fin de vie stockage",,Traitement des déchets > Déchets organiques > Cartons,emissions évitées carton,kgCO2e/tonne,ADEME,,,,France continentale,France continentale,Novembre 2014,Novembre 2014,Décembre 2017,,,,,,,,,,,,,,-22.9,,,,,,,,,,,,,,,,
,Elément,22034,élément non décomposé,Valide générique,Emissions évitées,"carton, fin de vie incinération",,Traitement des déchets > Déchets organiques > Cartons,emissions évitées carton,kgCO2e/tonne,ADEME,,,,France continentale,France continentale,Novembre 2014,Novembre 2014,Décembre 2017,,,,,,,,,,,,,,-289,,,,,,,,,,,,,,,,
,Elément,22035,élément non décomposé,Valide générique,Emissions évitées,"carton, fin de vie compost",,Traitement des déchets > Déchets organiques > Cartons,emissions évitées carton,kgCO2e/tonne,ADEME,,,,France continentale,France continentale,Novembre 2014,Novembre 2014,Décembre 2017,,,,,,,,,,,,,,-26,,,,,,,,,,,,,,,,
,Elément,22036,élément non décomposé,Valide générique,Emissions évitées,"carton, fin de vie moyenne",,Traitement des déchets > Déchets organiques > Cartons,emissions évitées carton,kgCO2e/tonne,ADEME,,,,France continentale,France continentale,Novembre 2014,Novembre 2014,Décembre 2017,,,,,,,,,,,,,,-23.1,,,,,,,,,,,,,,,,
,Elément,22037,élément décomposé par poste et par gaz,Valide générique,Déchets alimentaires,fin de vie stockage,,Traitement des déchets > Déchets organiques > Déchets alimentaires et déchets verts,"centre de stockage, déchet alimentaire",kgCO2e/tonne,ADEME,,,,France continentale,France continentale,Novembre 2014,Novembre 2014,Décembre 2017,,,,,,,,,,,,,,649,33,616,0,0,,,,,,,,,,,0,362
,Poste,22037,élément décomposé par poste et par gaz,Valide générique,Déchets alimentaires,fin de vie stockage,,Traitement des déchets > Déchets organiques > Déchets alimentaires et déchets verts,"centre de stockage, déchet alimentaire",kgCO2e/tonne,ADEME,,,,France continentale,France continentale,Novembre 2014,Novembre 2014,Décembre 2017,,,,,,,,,,,,Collecte,,18,18,0,0,0,,,,,,,,,,,0,0
,Poste,22037,élément décomposé par poste et par gaz,Valide générique,Déchets alimentaires,fin de vie stockage,,Traitement des déchets > Déchets organiques > Déchets alimentaires et déchets verts,"centre de stockage, déchet alimentaire",kgCO2e/tonne,ADEME,,,,France continentale,France continentale,Novembre 2014,Novembre 2014,Décembre 2017,,,,,,,,,,,,Traitement,centre de stockage,15,15,0,0,0,,,,,,,,,,,0,0
,Poste,22037,élément décomposé par poste et par gaz,Valide générique,Déchets alimentaires,fin de vie stockage,,Traitement des déchets > Déchets organiques > Déchets alimentaires et déchets verts,"centre de stockage, déchet alimentaire",kgCO2e/tonne,ADEME,,,,France continentale,France continentale,Novembre 2014,Novembre 2014,Décembre 2017,,,,,,,,,,,,Fuites,CH4 et CO2 non capté,616,0,616,0,0,,,,,,,,,,,0,215
,Poste,22037,élément décomposé par poste et par gaz,Valide générique,Déchets alimentaires,fin de vie stockage,,Traitement des déchets > Déchets organiques > Déchets alimentaires et déchets verts,"centre de stockage, déchet alimentaire",kgCO2e/tonne,ADEME,,,,France continentale,France continentale,Novembre 2014,Novembre 2014,Décembre 2017,,,,,,,,,,,,Incinération,CH4 capté,0,0,0,0,0,,,,,,,,,,,0,146
,Elément,22038,élément décomposé par poste et par gaz,Valide générique,Déchets alimentaires,fin de vie incinération,,Traitement des déchets > Déchets organiques > Déchets alimentaires et déchets verts,"incinération, déchet alimentaire",kgCO2e/tonne,ADEME,,,,France continentale,France continentale,Novembre 2014,Novembre 2014,Décembre 2017,,,,,,,,,,,,,,46.6,36,0,0,10.6,,,,,,,,,,,0,523
,Poste,22038,élément décomposé par poste et par gaz,Valide générique,Déchets alimentaires,fin de vie incinération,,Traitement des déchets > Déchets organiques > Déchets alimentaires et déchets verts,"incinération, déchet alimentaire",kgCO2e/tonne,ADEME,,,,France continentale,France continentale,Novembre 2014,Novembre 2014,Décembre 2017,,,,,,,,,,,,Collecte,,18,18,0,0,0,,,,,,,,,,,0,0
,Poste,22038,élément décomposé par poste et par gaz,Valide générique,Déchets alimentaires,fin de vie incinération,,Traitement des déchets > Déchets organiques > Déchets alimentaires et déchets verts,"incinération, déchet alimentaire",kgCO2e/tonne,ADEME,,,,France continentale,France continentale,Novembre 2014,Novembre 2014,Décembre 2017,,,,,,,,,,,,Traitement,incinérateur,18,18,0,0,0,,,,,,,,,,,0,0
,Poste,22038,élément décomposé par poste et par gaz,Valide générique,Déchets alimentaires,fin de vie incinération,,Traitement des déchets > Déchets organiques > Déchets alimentaires et déchets verts,"incinération, déchet alimentaire",kgCO2e/tonne,ADEME,,,,France continentale,France continentale,Novembre 2014,Novembre 2014,Décembre 2017,,,,,,,,,,,,Incinération,,10.6,0,0,0,10.6,,,,,,,,,,,0,523
,Elément,22039,élément décomposé par poste et par gaz,Valide générique,Déchets alimentaires,fin de vie compost (industriel),,Traitement des déchets > Déchets organiques > Déchets alimentaires et déchets verts,"compostage, déchet alimentaire",kgCO2e/tonne,ADEME,,,,France continentale,France continentale,Novembre 2014,Decembre 2017,déc-17,,,,,,,,,,,,,,86.7,36,8.07,0,42.7,,,,,,,,,,,0,540
,Poste,22039,élément décomposé par poste et par gaz,Valide générique,Déchets alimentaires,fin de vie compost (industriel),,Traitement des déchets > Déchets organiques > Déchets alimentaires et déchets verts,"compostage, déchet alimentaire",kgCO2e/tonne,ADEME,,,,France continentale,France continentale,Novembre 2014,Decembre 2017,déc-17,,,,,,,,,,,,Collecte,,18,18,0,0,0,,,,,,,,,,,0,0
,Poste,22039,élément décomposé par poste et par gaz,Valide générique,Déchets alimentaires,fin de vie compost (industriel),,Traitement des déchets > Déchets organiques > Déchets alimentaires et déchets verts,"compostage, déchet alimentaire",kgCO2e/tonne,ADEME,,,,France continentale,France continentale,Novembre 2014,Decembre 2017,déc-17,,,,,,,,,,,,Traitement,composteur,18,18,0,0,0,,,,,,,,,,,0,0
,Poste,22039,élément décomposé par poste et par gaz,Valide générique,Déchets alimentaires,fin de vie compost (industriel),,Traitement des déchets > Déchets organiques > Déchets alimentaires et déchets verts,"compostage, déchet alimentaire",kgCO2e/tonne,ADEME,,,,France continentale,France continentale,Novembre 2014,Decembre 2017,déc-17,,,,,,,,,,,,Fuites,,50.7,0,8.07,0,42.7,,,,,,,,,,,0,540
,Poste,22040,élément décomposé par gaz,Valide générique,Déchets alimentaires,fin de vie moyenne,,Traitement des déchets > Déchets organiques > Déchets alimentaires et déchets verts,déchet alimentaire,kgCO2e/tonne,ADEME,,,,France continentale,France continentale,Novembre 2014,Novembre 2014,Décembre 2017,,,,,,,,,,,,Total Non Décomposé,,48.1,34.4,13.7,0,0.0274,,,,,,,,,,,0,426
,Elément,22041,élément non décomposé,Valide générique,Emissions évitées,"déchets alimentaires, fin de vie stockage",,Traitement des déchets > Déchets organiques > Déchets alimentaires et déchets verts,emissions évitées déchets alimentaires,kgCO2e/tonne,ADEME,,,,France continentale,France continentale,Novembre 2014,Novembre 2014,Décembre 2017,,,,,,,,,,,,,,-14.8,,,,,,,,,,,,,,,,
,Elément,22042,élément non décomposé,Valide générique,Emissions évitées,"déchets alimentaires, fin de vie incinération",,Traitement des déchets > Déchets organiques > Déchets alimentaires et déchets verts,emissions évitées déchets alimentaires,kgCO2e/tonne,ADEME,,,,France continentale,France continentale,Novembre 2014,Novembre 2014,Décembre 2017,,,,,,,,,,,,,,-97.3,,,,,,,,,,,,,,,,
,Elément,22043,élément non décomposé,Valide générique,Emissions évitées,"déchets alimentaires, fin de vie compost (industriel)",,Traitement des déchets > Déchets organiques > Déchets alimentaires et déchets verts,emissions évitées déchets alimentaires,kgCO2e/tonne,ADEME,,,,France continentale,France continentale,Novembre 2014,Decembre 2017,déc-17,,,,,,,,,,,,,,-26,,,,,,,,,,,,,,,,
,Elément,22044,élément non décomposé,Valide générique,Emissions évitées,"déchets alimentaires, fin de vie moyenne",,Traitement des déchets > Déchets organiques > Déchets alimentaires et déchets verts,emissions évitées déchets alimentaires,kgCO2e/tonne,ADEME,,,,France continentale,France continentale,Novembre 2014,Novembre 2014,Décembre 2017,,,,,,,,,,,,,,-40.3,,,,,,,,,,,,,,,,
,Elément,22045,élément décomposé par poste et par gaz,Valide générique,Déchets minéraux,fin de vie stockage,,Traitement des déchets > Déchets minéraux > Autres déchets minéraux,"centre de stockage, déchets minéraux",kgCO2e/tonne,ADEME,,,,France continentale,France continentale,Novembre 2014,Novembre 2014,Décembre 2017,,,,,,,,,,,,,,33,33,0,0,0,,,,,,,,,,,0,0
,Poste,22045,élément décomposé par poste et par gaz,Valide générique,Déchets minéraux,fin de vie stockage,,Traitement des déchets > Déchets minéraux > Autres déchets minéraux,"centre de stockage, déchets minéraux",kgCO2e/tonne,ADEME,,,,France continentale,France continentale,Novembre 2014,Novembre 2014,Décembre 2017,,,,,,,,,,,,Collecte,,18,18,0,0,0,,,,,,,,,,,0,0
,Poste,22045,élément décomposé par poste et par gaz,Valide générique,Déchets minéraux,fin de vie stockage,,Traitement des déchets > Déchets minéraux > Autres déchets minéraux,"centre de stockage, déchets minéraux",kgCO2e/tonne,ADEME,,,,France continentale,France continentale,Novembre 2014,Novembre 2014,Décembre 2017,,,,,,,,,,,,Traitement,centre de stockage,15,15,0,0,0,,,,,,,,,,,0,0
,Elément,22046,élément décomposé par poste et par gaz,Valide générique,Déchets minéraux,fin de vie incinération,,Traitement des déchets > Déchets minéraux > Autres déchets minéraux,"incinération, déchets minéraux",kgCO2e/tonne,ADEME,,,,France continentale,France continentale,Novembre 2014,Novembre 2014,Décembre 2017,,,,,,,,,,,,,,46.6,36,0,0,10.6,,,,,,,,,,,0,0
,Poste,22046,élément décomposé par poste et par gaz,Valide générique,Déchets minéraux,fin de vie incinération,,Traitement des déchets > Déchets minéraux > Autres déchets minéraux,"incinération, déchets minéraux",kgCO2e/tonne,ADEME,,,,France continentale,France continentale,Novembre 2014,Novembre 2014,Décembre 2017,,,,,,,,,,,,Collecte,,18,18,0,0,0,,,,,,,,,,,0,0
,Poste,22046,élément décomposé par poste et par gaz,Valide générique,Déchets minéraux,fin de vie incinération,,Traitement des déchets > Déchets minéraux > Autres déchets minéraux,"incinération, déchets minéraux",kgCO2e/tonne,ADEME,,,,France continentale,France continentale,Novembre 2014,Novembre 2014,Décembre 2017,,,,,,,,,,,,Traitement,incinérateur,18,18,0,0,0,,,,,,,,,,,0,0
,Poste,22046,élément décomposé par poste et par gaz,Valide générique,Déchets minéraux,fin de vie incinération,,Traitement des déchets > Déchets minéraux > Autres déchets minéraux,"incinération, déchets minéraux",kgCO2e/tonne,ADEME,,,,France continentale,France continentale,Novembre 2014,Novembre 2014,Décembre 2017,,,,,,,,,,,,Incinération,,10.6,0,0,0,10.6,,,,,,,,,,,0,0
,Poste,22047,élément décomposé par gaz,Valide générique,Déchets minéraux,fin de vie moyenne,,Traitement des déchets > Déchets minéraux > Autres déchets minéraux,déchets minéraux,kgCO2e/tonne,ADEME,,,,France continentale,France continentale,Novembre 2014,Novembre 2014,Décembre 2017,,,,,,,,,,,,Total Non Décomposé,,33,33,0,0,0,,,,,,,,,,,0,0
,Elément,22048,élément décomposé par poste et par gaz,Valide générique,Plastique moyen,fin de vie stockage,,"Traitement des déchets > Déchets plastiques > Plastique ""moyen""","centre de stockage, plastique fin de vie",kgCO2e/tonne,ADEME,,,,France continentale,France continentale,Novembre 2014,Novembre 2014,Décembre 2017,,,,,,,,,,,,,,33,33,0,0,0,,,,,,,,,,,0,0
,Poste,22048,élément décomposé par poste et par gaz,Valide générique,Plastique moyen,fin de vie stockage,,"Traitement des déchets > Déchets plastiques > Plastique ""moyen""","centre de stockage, plastique fin de vie",kgCO2e/tonne,ADEME,,,,France continentale,France continentale,Novembre 2014,Novembre 2014,Décembre 2017,,,,,,,,,,,,Collecte,,18,18,0,0,0,,,,,,,,,,,0,0
,Poste,22048,élément décomposé par poste et par gaz,Valide générique,Plastique moyen,fin de vie stockage,,"Traitement des déchets > Déchets plastiques > Plastique ""moyen""","centre de stockage, plastique fin de vie",kgCO2e/tonne,ADEME,,,,France continentale,France continentale,Novembre 2014,Novembre 2014,Décembre 2017,,,,,,,,,,,,Traitement,centre de stockage,15,15,0,0,0,,,,,,,,,,,0,0
,Elément,22049,élément décomposé par poste et par gaz,Valide générique,Plastique moyen,fin de vie incinération,,"Traitement des déchets > Déchets plastiques > Plastique ""moyen""","incinération, plastique fin de vie",kgCO2e/tonne,ADEME,,,,France continentale,France continentale,Novembre 2014,Novembre 2014,Décembre 2017,,,,,,,,,,,,,,2680,2669,0,0,10.6,,,,,,,,,,,0,0
,Poste,22049,élément décomposé par poste et par gaz,Valide générique,Plastique moyen,fin de vie incinération,,"Traitement des déchets > Déchets plastiques > Plastique ""moyen""","incinération, plastique fin de vie",kgCO2e/tonne,ADEME,,,,France continentale,France continentale,Novembre 2014,Novembre 2014,Décembre 2017,,,,,,,,,,,,Collecte,,18,18,0,0,0,,,,,,,,,,,0,0
,Poste,22049,élément décomposé par poste et par gaz,Valide générique,Plastique moyen,fin de vie incinération,,"Traitement des déchets > Déchets plastiques > Plastique ""moyen""","incinération, plastique fin de vie",kgCO2e/tonne,ADEME,,,,France continentale,France continentale,Novembre 2014,Novembre 2014,Décembre 2017,,,,,,,,,,,,Traitement,incinérateur,18,18,0,0,0,,,,,,,,,,,0,0
,Poste,22049,élément décomposé par poste et par gaz,Valide générique,Plastique moyen,fin de vie incinération,,"Traitement des déchets > Déchets plastiques > Plastique ""moyen""","incinération, plastique fin de vie",kgCO2e/tonne,ADEME,,,,France continentale,France continentale,Novembre 2014,Novembre 2014,Décembre 2017,,,,,,,,,,,,Incinération,,2644,2633,0,0,10.6,,,,,,,,,,,0,0
,Poste,22050,élément décomposé par gaz,Valide générique,Plastique moyen,fin de vie moyenne,,"Traitement des déchets > Déchets plastiques > Plastique ""moyen""",plastique fin de vie,kgCO2e/tonne,ADEME,,,,France continentale,France continentale,Novembre 2014,Novembre 2014,Décembre 2017,,,,,,,,,,,,Total Non Décomposé,,877,877,0,0,0.0105,,,,,,,,,,,0,0
,Elément,22051,élément non décomposé,Valide générique,Emissions évitées,"plastique moyen, fin de vie incinération",,"Traitement des déchets > Déchets plastiques > Plastique ""moyen""",emissions évitées plastique,kgCO2e/tonne,ADEME,,,,France continentale,France continentale,Novembre 2014,Novembre 2014,Décembre 2017,,,,,,,,,,,,,,-626,,,,,,,,,,,,,,,,
,Elément,22052,élément non décomposé,Valide générique,Emissions évitées,"plastique moyen, fin de vie moyenne",,"Traitement des déchets > Déchets plastiques > Plastique ""moyen""",emissions évitées plastique,kgCO2e/tonne,ADEME,,,,France continentale,France continentale,Novembre 2014,Novembre 2014,Décembre 2017,,,,,,,,,,,,,,-200,,,,,,,,,,,,,,,,
,Elément,22053,élément décomposé par poste et par gaz,Valide générique,Plastique PE,fin de vie incinération,,Traitement des déchets > Déchets plastiques > PE,"incinération, plastique fin de vie",kgCO2e/tonne,ADEME,,,,France continentale,France continentale,Novembre 2014,Novembre 2014,Décembre 2017,,,,,,,,,,,,,,2914,2903,0,0,10.6,,,,,,,,,,,0,0
,Poste,22053,élément décomposé par poste et par gaz,Valide générique,Plastique PE,fin de vie incinération,,Traitement des déchets > Déchets plastiques > PE,"incinération, plastique fin de vie",kgCO2e/tonne,ADEME,,,,France continentale,France continentale,Novembre 2014,Novembre 2014,Décembre 2017,,,,,,,,,,,,Collecte,,18,18,0,0,0,,,,,,,,,,,0,0
,Poste,22053,élément décomposé par poste et par gaz,Valide générique,Plastique PE,fin de vie incinération,,Traitement des déchets > Déchets plastiques > PE,"incinération, plastique fin de vie",kgCO2e/tonne,ADEME,,,,France continentale,France continentale,Novembre 2014,Novembre 2014,Décembre 2017,,,,,,,,,,,,Traitement,incinérateur,18,18,0,0,0,,,,,,,,,,,0,0
,Poste,22053,élément décomposé par poste et par gaz,Valide générique,Plastique PE,fin de vie incinération,,Traitement des déchets > Déchets plastiques > PE,"incinération, plastique fin de vie",kgCO2e/tonne,ADEME,,,,France continentale,France continentale,Novembre 2014,Novembre 2014,Décembre 2017,,,,,,,,,,,,Incinération,,2878,2867,0,0,10.6,,,,,,,,,,,0,0
,Elément,22054,élément non décomposé,Valide générique,Emissions évitées,"plastique PE, fin de vie incinération",,Traitement des déchets > Déchets plastiques > PE,emissions évitées plastique,kgCO2e/tonne,ADEME,,,,France continentale,France continentale,Novembre 2014,Novembre 2014,Décembre 2017,,,,,,,,,,,,,,-768,,,,,,,,,,,,,,,,
,Elément,22055,élément décomposé par poste et par gaz,Valide générique,Plastique PET,fin de vie incinération,,Traitement des déchets > Déchets plastiques > PET,"incinération, plastique fin de vie",kgCO2e/tonne,ADEME,,,,France continentale,France continentale,Novembre 2014,Novembre 2014,Décembre 2017,,,,,,,,,,,,,,1992,1982,0,0,10.6,,,,,,,,,,,0,0
,Poste,22055,élément décomposé par poste et par gaz,Valide générique,Plastique PET,fin de vie incinération,,Traitement des déchets > Déchets plastiques > PET,"incinération, plastique fin de vie",kgCO2e/tonne,ADEME,,,,France continentale,France continentale,Novembre 2014,Novembre 2014,Décembre 2017,,,,,,,,,,,,Collecte,,18,18,0,0,0,,,,,,,,,,,0,0
,Poste,22055,élément décomposé par poste et par gaz,Valide générique,Plastique PET,fin de vie incinération,,Traitement des déchets > Déchets plastiques > PET,"incinération, plastique fin de vie",kgCO2e/tonne,ADEME,,,,France continentale,France continentale,Novembre 2014,Novembre 2014,Décembre 2017,,,,,,,,,,,,Traitement,incinérateur,18,18,0,0,0,,,,,,,,,,,0,0
,Poste,22055,élément décomposé par poste et par gaz,Valide générique,Plastique PET,fin de vie incinération,,Traitement des déchets > Déchets plastiques > PET,"incinération, plastique fin de vie",kgCO2e/tonne,ADEME,,,,France continentale,France continentale,Novembre 2014,Novembre 2014,Décembre 2017,,,,,,,,,,,,Incinération,,1956,1946,0,0,10.6,,,,,,,,,,,0,0
,Elément,22056,élément non décomposé,Valide générique,Emissions évitées,"plastique PET, fin de vie incinération",,Traitement des déchets > Déchets plastiques > PET,emissions évitées plastique,kgCO2e/tonne,ADEME,,,,France continentale,France continentale,Novembre 2014,Novembre 2014,Décembre 2017,,,,,,,,,,,,,,-417,,,,,,,,,,,,,,,,
,Elément,22057,élément décomposé par poste et par gaz,Valide générique,Plastique PS,fin de vie incinération,,Traitement des déchets > Déchets plastiques > PS,"incinération, plastique fin de vie",kgCO2e/tonne,ADEME,,,,France continentale,France continentale,Novembre 2014,Novembre 2014,Décembre 2017,,,,,,,,,,,,,,3143,3133,0,0,10.6,,,,,,,,,,,0,0
,Poste,22057,élément décomposé par poste et par gaz,Valide générique,Plastique PS,fin de vie incinération,,Traitement des déchets > Déchets plastiques > PS,"incinération, plastique fin de vie",kgCO2e/tonne,ADEME,,,,France continentale,France continentale,Novembre 2014,Novembre 2014,Décembre 2017,,,,,,,,,,,,Collecte,,18,18,0,0,0,,,,,,,,,,,0,0
,Poste,22057,élément décomposé par poste et par gaz,Valide générique,Plastique PS,fin de vie incinération,,Traitement des déchets > Déchets plastiques > PS,"incinération, plastique fin de vie",kgCO2e/tonne,ADEME,,,,France continentale,France continentale,Novembre 2014,Novembre 2014,Décembre 2017,,,,,,,,,,,,Traitement,incinérateur,18,18,0,0,0,,,,,,,,,,,0,0
,Poste,22057,élément décomposé par poste et par gaz,Valide générique,Plastique PS,fin de vie incinération,,Traitement des déchets > Déchets plastiques > PS,"incinération, plastique fin de vie",kgCO2e/tonne,ADEME,,,,France continentale,France continentale,Novembre 2014,Novembre 2014,Décembre 2017,,,,,,,,,,,,Incinération,,3107,3097,0,0,10.6,,,,,,,,,,,0,0
,Elément,22058,élément non décomposé,Valide générique,Emissions évitées,"plastique PS, fin de vie incinération",,Traitement des déchets > Déchets plastiques > PS,emissions évitées plastique,kgCO2e/tonne,ADEME,,,,France continentale,France continentale,Novembre 2014,Novembre 2014,Décembre 2017,,,,,,,,,,,,,,-519,,,,,,,,,,,,,,,,
,Elément,22059,élément décomposé par poste et par gaz,Valide générique,Plastique PVC,fin de vie incinération,,Traitement des déchets > Déchets plastiques > PVC,"incinération, plastique fin de vie",kgCO2e/tonne,ADEME,,,,France continentale,France continentale,Novembre 2014,Novembre 2014,Décembre 2017,,,,,,,,,,,,,,1443,1433,0,0,10.6,,,,,,,,,,,0,0
,Poste,22059,élément décomposé par poste et par gaz,Valide générique,Plastique PVC,fin de vie incinération,,Traitement des déchets > Déchets plastiques > PVC,"incinération, plastique fin de vie",kgCO2e/tonne,ADEME,,,,France continentale,France continentale,Novembre 2014,Novembre 2014,Décembre 2017,,,,,,,,,,,,Collecte,,18,18,0,0,0,,,,,,,,,,,0,0
,Poste,22059,élément décomposé par poste et par gaz,Valide générique,Plastique PVC,fin de vie incinération,,Traitement des déchets > Déchets plastiques > PVC,"incinération, plastique fin de vie",kgCO2e/tonne,ADEME,,,,France continentale,France continentale,Novembre 2014,Novembre 2014,Décembre 2017,,,,,,,,,,,,Traitement,incinérateur,18,18,0,0,0,,,,,,,,,,,0,0
,Poste,22059,élément décomposé par poste et par gaz,Valide générique,Plastique PVC,fin de vie incinération,,Traitement des déchets > Déchets plastiques > PVC,"incinération, plastique fin de vie",kgCO2e/tonne,ADEME,,,,France continentale,France continentale,Novembre 2014,Novembre 2014,Décembre 2017,,,,,,,,,,,,Incinération,,1407,1397,0,0,10.6,,,,,,,,,,,0,0
,Elément,22060,élément non décomposé,Valide générique,Emissions évitées,"plastique PVC, fin de vie incinération",,Traitement des déchets > Déchets plastiques > PVC,emissions évitées plastique,kgCO2e/tonne,ADEME,,,,France continentale,France continentale,Novembre 2014,Novembre 2014,Décembre 2017,,,,,,,,,,,,,,-235,,,,,,,,,,,,,,,,
,Elément,22061,élément décomposé par poste et par gaz,Valide générique,Plastique PP,fin de vie incinération,,Traitement des déchets > Déchets plastiques > PP,"incinération, plastique fin de vie",kgCO2e/tonne,ADEME,,,,France continentale,France continentale,Novembre 2014,Novembre 2014,Décembre 2017,,,,,,,,,,,,,,3025,3014,0,0,10.6,,,,,,,,,,,0,0
,Poste,22061,élément décomposé par poste et par gaz,Valide générique,Plastique PP,fin de vie incinération,,Traitement des déchets > Déchets plastiques > PP,"incinération, plastique fin de vie",kgCO2e/tonne,ADEME,,,,France continentale,France continentale,Novembre 2014,Novembre 2014,Décembre 2017,,,,,,,,,,,,Collecte,,18,18,0,0,0,,,,,,,,,,,0,0
,Poste,22061,élément décomposé par poste et par gaz,Valide générique,Plastique PP,fin de vie incinération,,Traitement des déchets > Déchets plastiques > PP,"incinération, plastique fin de vie",kgCO2e/tonne,ADEME,,,,France continentale,France continentale,Novembre 2014,Novembre 2014,Décembre 2017,,,,,,,,,,,,Traitement,incinérateur,18,18,0,0,0,,,,,,,,,,,0,0
,Poste,22061,élément décomposé par poste et par gaz,Valide générique,Plastique PP,fin de vie incinération,,Traitement des déchets > Déchets plastiques > PP,"incinération, plastique fin de vie",kgCO2e/tonne,ADEME,,,,France continentale,France continentale,Novembre 2014,Novembre 2014,Décembre 2017,,,,,,,,,,,,Incinération,,2989,2978,0,0,10.6,,,,,,,,,,,0,0
,Elément,22062,élément non décomposé,Valide générique,Emissions évitées,"plastique PP, fin de vie incinération",,Traitement des déchets > Déchets plastiques > PP,emissions évitées plastique,kgCO2e/tonne,ADEME,,,,France continentale,France continentale,Novembre 2014,Novembre 2014,Décembre 2017,,,,,,,,,,,,,,-575,,,,,,,,,,,,,,,,
,Elément,22063,élément décomposé par poste et par gaz,Valide générique,Ordures ménagères,fin de vie stockage,,Traitement des déchets > Ordures ménagères,"centre de stockage, ordures ménagères",kgCO2e/tonne,ADEME,,,,France continentale,France continentale,Novembre 2014,Novembre 2014,Décembre 2017,,,,,,,,,,,,,,441,33,408,0,0,,,,,,,,,,,0,240
,Poste,22063,élément décomposé par poste et par gaz,Valide générique,Ordures ménagères,fin de vie stockage,,Traitement des déchets > Ordures ménagères,"centre de stockage, ordures ménagères",kgCO2e/tonne,ADEME,,,,France continentale,France continentale,Novembre 2014,Novembre 2014,Décembre 2017,,,,,,,,,,,,Collecte,,18,18,0,0,0,,,,,,,,,,,0,0
,Poste,22063,élément décomposé par poste et par gaz,Valide générique,Ordures ménagères,fin de vie stockage,,Traitement des déchets > Ordures ménagères,"centre de stockage, ordures ménagères",kgCO2e/tonne,ADEME,,,,France continentale,France continentale,Novembre 2014,Novembre 2014,Décembre 2017,,,,,,,,,,,,Traitement,centre de stockage,15,15,0,0,0,,,,,,,,,,,0,0
,Poste,22063,élément décomposé par poste et par gaz,Valide générique,Ordures ménagères,fin de vie stockage,,Traitement des déchets > Ordures ménagères,"centre de stockage, ordures ménagères",kgCO2e/tonne,ADEME,,,,France continentale,France continentale,Novembre 2014,Novembre 2014,Décembre 2017,,,,,,,,,,,,Fuites,CH4 et CO2 non capté,408,0,408,0,0,,,,,,,,,,,0,143
,Poste,22063,élément décomposé par poste et par gaz,Valide générique,Ordures ménagères,fin de vie stockage,,Traitement des déchets > Ordures ménagères,"centre de stockage, ordures ménagères",kgCO2e/tonne,ADEME,,,,France continentale,France continentale,Novembre 2014,Novembre 2014,Décembre 2017,,,,,,,,,,,,Incinération,CH4 capté,0,0,0,0,0,,,,,,,,,,,0,97
,Elément,22064,élément décomposé par poste et par gaz,Valide générique,Ordures ménagères,fin de vie incinération,,Traitement des déchets > Ordures ménagères,"incinération, ordures ménagères",kgCO2e/tonne,ADEME,,,,France continentale,France continentale,Novembre 2014,Novembre 2014,Décembre 2017,,,,,,,,,,,,,,362,351,0,0,10.6,,,,,,,,,,,0,444
,Poste,22064,élément décomposé par poste et par gaz,Valide générique,Ordures ménagères,fin de vie incinération,,Traitement des déchets > Ordures ménagères,"incinération, ordures ménagères",kgCO2e/tonne,ADEME,,,,France continentale,France continentale,Novembre 2014,Novembre 2014,Décembre 2017,,,,,,,,,,,,Collecte,,18,18,0,0,0,,,,,,,,,,,0,0
,Poste,22064,élément décomposé par poste et par gaz,Valide générique,Ordures ménagères,fin de vie incinération,,Traitement des déchets > Ordures ménagères,"incinération, ordures ménagères",kgCO2e/tonne,ADEME,,,,France continentale,France continentale,Novembre 2014,Novembre 2014,Décembre 2017,,,,,,,,,,,,Traitement,incinérateur,18,18,0,0,0,,,,,,,,,,,0,0
,Poste,22064,élément décomposé par poste et par gaz,Valide générique,Ordures ménagères,fin de vie incinération,,Traitement des déchets > Ordures ménagères,"incinération, ordures ménagères",kgCO2e/tonne,ADEME,,,,France continentale,France continentale,Novembre 2014,Novembre 2014,Décembre 2017,,,,,,,,,,,,Incinération,,326,315,0,0,10.6,,,,,,,,,,,0,444
,Elément,22065,élément décomposé par poste et par gaz,Valide générique,Ordures ménagères,fin de vie compost,,Traitement des déchets > Ordures ménagères,ordures ménagères,kgCO2e/tonne,ADEME,,,,France continentale,France continentale,Novembre 2014,Novembre 2014,Décembre 2017,,,,,,,,,,,,,,76,25.3,8.07,0,42.7,,,,,,,,,,,0,540
,Poste,22065,élément décomposé par poste et par gaz,Valide générique,Ordures ménagères,fin de vie compost,,Traitement des déchets > Ordures ménagères,ordures ménagères,kgCO2e/tonne,ADEME,,,,France continentale,France continentale,Novembre 2014,Novembre 2014,Décembre 2017,,,,,,,,,,,,Collecte,,18,18,0,0,0,,,,,,,,,,,0,0
,Poste,22065,élément décomposé par poste et par gaz,Valide générique,Ordures ménagères,fin de vie compost,,Traitement des déchets > Ordures ménagères,ordures ménagères,kgCO2e/tonne,ADEME,,,,France continentale,France continentale,Novembre 2014,Novembre 2014,Décembre 2017,,,,,,,,,,,,Traitement,composteur,7.3,7.3,0,0,0,,,,,,,,,,,0,0
,Poste,22065,élément décomposé par poste et par gaz,Valide générique,Ordures ménagères,fin de vie compost,,Traitement des déchets > Ordures ménagères,ordures ménagères,kgCO2e/tonne,ADEME,,,,France continentale,France continentale,Novembre 2014,Novembre 2014,Décembre 2017,,,,,,,,,,,,Fuites,,50.7,0,8.07,0,42.7,,,,,,,,,,,0,540
,Poste,22066,élément décomposé par gaz,Valide générique,Ordures ménagères,fin de vie moyenne,,Traitement des déchets > Ordures ménagères,ordures ménagères,kgCO2e/tonne,ADEME,,,,France continentale,France continentale,Novembre 2014,Novembre 2014,Décembre 2017,,,,,,,,,,,,Total Non Décomposé,,215,208,6.56,0,0.0223,,,,,,,,,,,0,356
,Elément,22067,élément non décomposé,Valide générique,Emissions évitées,"ordures ménagères, fin de vie stockage",,Traitement des déchets > Ordures ménagères,emissions évitées ordures ménagères,kgCO2e/tonne,ADEME,,,,France continentale,France continentale,Novembre 2014,Novembre 2014,Décembre 2017,,,,,,,,,,,,,,-9.84,,,,,,,,,,,,,,,,
,Elément,22068,élément non décomposé,Valide générique,Emissions évitées,"ordures ménagères, fin de vie incinération",,Traitement des déchets > Ordures ménagères,emissions évitées ordures ménagères,kgCO2e/tonne,ADEME,,,,France continentale,France continentale,Novembre 2014,Novembre 2014,Décembre 2017,,,,,,,,,,,,,,-164,,,,,,,,,,,,,,,,
,Elément,22069,élément non décomposé,Valide générique,Emissions évitées,"ordures ménagères, fin de vie compost",,Traitement des déchets > Ordures ménagères,emissions évitées ordures ménagères,kgCO2e/tonne,ADEME,,,,France continentale,France continentale,Novembre 2014,Novembre 2014,Décembre 2017,,,,,,,,,,,,,,-26,,,,,,,,,,,,,,,,
,Elément,22070,élément non décomposé,Valide générique,Emissions évitées,"ordures ménagères, fin de vie moyenne",,Traitement des déchets > Ordures ménagères,emissions évitées ordures ménagères,kgCO2e/tonne,ADEME,,,,France continentale,France continentale,Novembre 2014,Novembre 2014,Décembre 2017,,,,,,,,,,,,,,-94.7,,,,,,,,,,,,,,,,
,Elément,22456,élément non décomposé,Valide générique,DIS,Déchets Industriels Spéciaux,fin de vie stabilisation et stockage,Traitement des déchets > Déchets dangereux,"déchets dangereux, dis, stabilisation et stockage",kgCO2e/tonne,ADEME,,,,France continentale,France continentale,Novembre 2014,Novembre 2014,Décembre 2017,50%,,,,,,,,,,,,,128,,,,,,,,,,,,,,,,
,Elément,22457,élément décomposé par poste et par gaz,Valide générique,DIS,Déchets Industriels Spéciaux,fin de vie incinération,Traitement des déchets > Déchets dangereux,"incinération, déchets dangereux, dis",kgCO2e/tonne,ADEME,,,,France continentale,France continentale,Novembre 2014,Novembre 2014,Décembre 2017,50%,,,,,,,,,,,,,706,673,0,0,33.7,,,,,,,,,,,0,0
,Poste,22457,élément décomposé par poste et par gaz,Valide générique,DIS,Déchets Industriels Spéciaux,fin de vie incinération,Traitement des déchets > Déchets dangereux,"incinération, déchets dangereux, dis",kgCO2e/tonne,ADEME,,,,France continentale,France continentale,Novembre 2014,Novembre 2014,Décembre 2017,50%,,,,,,,,,,,Collecte,,52,18.3,0,0,33.7,,,,,,,,,,,0,0
,Poste,22457,élément décomposé par poste et par gaz,Valide générique,DIS,Déchets Industriels Spéciaux,fin de vie incinération,Traitement des déchets > Déchets dangereux,"incinération, déchets dangereux, dis",kgCO2e/tonne,ADEME,,,,France continentale,France continentale,Novembre 2014,Novembre 2014,Décembre 2017,50%,,,,,,,,,,,Incinération,,636,636,0,0,0,,,,,,,,,,,0,0
,Poste,22457,élément décomposé par poste et par gaz,Valide générique,DIS,Déchets Industriels Spéciaux,fin de vie incinération,Traitement des déchets > Déchets dangereux,"incinération, déchets dangereux, dis",kgCO2e/tonne,ADEME,,,,France continentale,France continentale,Novembre 2014,Novembre 2014,Décembre 2017,50%,,,,,,,,,,,Traitement,composteur,18.3,18.3,0,0,0,,,,,,,,,,,0,0
,Elément,22458,élément décomposé par poste et par gaz,Valide générique,DAS,Déchets d'Activités de Soins,fin de vie incinération,Traitement des déchets > Déchets dangereux,"incinération, déchet dangereux, das",kgCO2e/tonne,ADEME,,,,France continentale,France continentale,Novembre 2014,Novembre 2014,Décembre 2017,50%,,,,,,,,,,,,,934,918,0,0,15.9,,,,,,,,,,,0,0
,Poste,22458,élément décomposé par poste et par gaz,Valide générique,DAS,Déchets d'Activités de Soins,fin de vie incinération,Traitement des déchets > Déchets dangereux,"incinération, déchet dangereux, das",kgCO2e/tonne,ADEME,,,,France continentale,France continentale,Novembre 2014,Novembre 2014,Décembre 2017,50%,,,,,,,,,,,Incinération,,896,880,0,0,15.9,,,,,,,,,,,0,0
,Poste,22458,élément décomposé par poste et par gaz,Valide générique,DAS,Déchets d'Activités de Soins,fin de vie incinération,Traitement des déchets > Déchets dangereux,"incinération, déchet dangereux, das",kgCO2e/tonne,ADEME,,,,France continentale,France continentale,Novembre 2014,Novembre 2014,Décembre 2017,50%,,,,,,,,,,,Collecte,,18.3,18.3,0,0,0,,,,,,,,,,,0,0
,Poste,22458,élément décomposé par poste et par gaz,Valide générique,DAS,Déchets d'Activités de Soins,fin de vie incinération,Traitement des déchets > Déchets dangereux,"incinération, déchet dangereux, das",kgCO2e/tonne,ADEME,,,,France continentale,France continentale,Novembre 2014,Novembre 2014,Décembre 2017,50%,,,,,,,,,,,Traitement,,20,20,0,0,0,,,,,,,,,,,0,0
,Poste,24284,élément décomposé par poste,Valide générique,Traitement des eaux usées,Hors infrastructure,,Traitement des déchets > Eaux usées,"eaux usées, eau, eau potable, eau de reseau",kgCO2e/m3,ASTEE,guide sectoriel eau et assainissement,http://www.astee.org/site/wp-content/uploads/2014/06/Guide_GES_fr_VF_2013.pdf,ASTEE,France continentale,France continentale,Novembre 2014,Novembre 2014,Décembre 2017,20%,,4/4,1.9/4,Peu suffisante,Peu suffisante,Peu suffisante,Suffisante/acceptable,Suffisante/acceptable,Peu suffisante,,Emissions fugitives,Emissions de N2O liées à l'épandage des boues,0.028,,,,,,,,,,,,,,,,
,Poste,24284,élément décomposé par poste,Valide générique,Traitement des eaux usées,Hors infrastructure,,Traitement des déchets > Eaux usées,"eaux usées, eau, eau potable, eau de reseau",kgCO2e/m3,ASTEE,guide sectoriel eau et assainissement,http://www.astee.org/site/wp-content/uploads/2014/06/Guide_GES_fr_VF_2013.pdf,ASTEE,France continentale,France continentale,Novembre 2014,Novembre 2014,Décembre 2017,20%,,4/4,1.9/4,Peu suffisante,Peu suffisante,Peu suffisante,Suffisante/acceptable,Suffisante/acceptable,Peu suffisante,,"Energie (Electricité: réseaux, usines",EP et EU) et bâtiments tertiaires,0.058,,,,,,,,,,,,,,,,
,Poste,24284,élément décomposé par poste,Valide générique,Traitement des eaux usées,Hors infrastructure,,Traitement des déchets > Eaux usées,"eaux usées, eau, eau potable, eau de reseau",kgCO2e/m3,ASTEE,guide sectoriel eau et assainissement,http://www.astee.org/site/wp-content/uploads/2014/06/Guide_GES_fr_VF_2013.pdf,ASTEE,France continentale,France continentale,Novembre 2014,Novembre 2014,Décembre 2017,20%,,4/4,1.9/4,Peu suffisante,Peu suffisante,Peu suffisante,Suffisante/acceptable,Suffisante/acceptable,Peu suffisante,,Energie,postes fixes de combustion,0.017,,,,,,,,,,,,,,,,
,Poste,24284,élément décomposé par poste,Valide générique,Traitement des eaux usées,Hors infrastructure,,Traitement des déchets > Eaux usées,"eaux usées, eau, eau potable, eau de reseau",kgCO2e/m3,ASTEE,guide sectoriel eau et assainissement,http://www.astee.org/site/wp-content/uploads/2014/06/Guide_GES_fr_VF_2013.pdf,ASTEE,France continentale,France continentale,Novembre 2014,Novembre 2014,Décembre 2017,20%,,4/4,1.9/4,Peu suffisante,Peu suffisante,Peu suffisante,Suffisante/acceptable,Suffisante/acceptable,Peu suffisante,,Emissions fugitives (process d'épuration,N2O et CH4),0.012,,,,,,,,,,,,,,,,
,Poste,24284,élément décomposé par poste,Valide générique,Traitement des eaux usées,Hors infrastructure,,Traitement des déchets > Eaux usées,"eaux usées, eau, eau potable, eau de reseau",kgCO2e/m3,ASTEE,guide sectoriel eau et assainissement,http://www.astee.org/site/wp-content/uploads/2014/06/Guide_GES_fr_VF_2013.pdf,ASTEE,France continentale,France continentale,Novembre 2014,Novembre 2014,Décembre 2017,20%,,4/4,1.9/4,Peu suffisante,Peu suffisante,Peu suffisante,Suffisante/acceptable,Suffisante/acceptable,Peu suffisante,,Emissions fugitives (Rejets au milieu naturel,CH4 et N2O),0.058,,,,,,,,,,,,,,,,
,Poste,24284,élément décomposé par poste,Valide générique,Traitement des eaux usées,Hors infrastructure,,Traitement des déchets > Eaux usées,"eaux usées, eau, eau potable, eau de reseau",kgCO2e/m3,ASTEE,guide sectoriel eau et assainissement,http://www.astee.org/site/wp-content/uploads/2014/06/Guide_GES_fr_VF_2013.pdf,ASTEE,France continentale,France continentale,Novembre 2014,Novembre 2014,Décembre 2017,20%,,4/4,1.9/4,Peu suffisante,Peu suffisante,Peu suffisante,Suffisante/acceptable,Suffisante/acceptable,Peu suffisante,,Emissions fugitives,"Refus de dégrillage, Graisse et sables",4.00E-3,,,,,,,,,,,,,,,,
,Poste,24284,élément décomposé par poste,Valide générique,Traitement des eaux usées,Hors infrastructure,,Traitement des déchets > Eaux usées,"eaux usées, eau, eau potable, eau de reseau",kgCO2e/m3,ASTEE,guide sectoriel eau et assainissement,http://www.astee.org/site/wp-content/uploads/2014/06/Guide_GES_fr_VF_2013.pdf,ASTEE,France continentale,France continentale,Novembre 2014,Novembre 2014,Décembre 2017,20%,,4/4,1.9/4,Peu suffisante,Peu suffisante,Peu suffisante,Suffisante/acceptable,Suffisante/acceptable,Peu suffisante,,Intrants,réactifs consommés,0.053,,,,,,,,,,,,,,,,
,Poste,24284,élément décomposé par poste,Valide générique,Traitement des eaux usées,Hors infrastructure,,Traitement des déchets > Eaux usées,"eaux usées, eau, eau potable, eau de reseau",kgCO2e/m3,ASTEE,guide sectoriel eau et assainissement,http://www.astee.org/site/wp-content/uploads/2014/06/Guide_GES_fr_VF_2013.pdf,ASTEE,France continentale,France continentale,Novembre 2014,Novembre 2014,Décembre 2017,20%,,4/4,1.9/4,Peu suffisante,Peu suffisante,Peu suffisante,Suffisante/acceptable,Suffisante/acceptable,Peu suffisante,,Transport,"véhicules particuliers, utilitaires, engins",0.032,,,,,,,,,,,,,,,,
,Elément,24284,élément décomposé par poste,Valide générique,Traitement des eaux usées,Hors infrastructure,,Traitement des déchets > Eaux usées,"eaux usées, eau, eau potable, eau de reseau",kgCO2e/m3,ASTEE,guide sectoriel eau et assainissement,http://www.astee.org/site/wp-content/uploads/2014/06/Guide_GES_fr_VF_2013.pdf,ASTEE,France continentale,France continentale,Novembre 2014,Novembre 2014,Décembre 2017,20%,,4/4,1.9/4,Peu suffisante,Peu suffisante,Peu suffisante,Suffisante/acceptable,Suffisante/acceptable,Peu suffisante,,,,0.262,,,,,,,,,,,,,,,,
,Poste,25821,élément décomposé par gaz,Valide générique,Déchet de jardin,Compostage domestique en tas (brassé),,Traitement des déchets > Déchets organiques > Déchets alimentaires et déchets verts,"compostage, déchet de jardin",kgCO2e/kg de biodéchets,ADEME,,,"Impact sanitaire et environnemental du compostage domestique, ADEME, 2016",France continentale,Sud Ouest,Juin 2017,Decembre 2017,2020,,,4/4,3.1/4,Suffisante/acceptable,Très bonne,Très bonne,Peu suffisante,Bonne,Bonne,<p>Brassage : 1 fois par trimestre</p>,Total Non Décomposé,,0.0151,0,0,1.34E-3,0.0138,,,,,,,,,,,0,0.39
,Poste,25822,élément décomposé par gaz,Valide générique,Déchet cuisine et déchets verts,Compostage domestique en tas (brassé),,Traitement des déchets > Déchets organiques > Déchets alimentaires et déchets verts,"compostage, déchet de cuisine, déchet vert",kgCO2e/kg de biodéchets,ADEME,,,"Impact sanitaire et environnemental du compostage domestique, ADEME, 2016",France continentale,Sud Ouest,Juin 2017,Decembre 2017,2020,,,4/4,3.1/4,Suffisante/acceptable,Très bonne,Très bonne,Peu suffisante,Bonne,Bonne,<p>Brassage : 1 fois par trimestre</p>,Total Non Décomposé,,0.0241,0,0,2.10E-3,0.022,,,,,,,,,,,0,0.0608
,Poste,25823,élément décomposé par gaz,Valide générique,Déchet cuisine et déchets verts,Compostage domestique en tas (non brassé),,Traitement des déchets > Déchets organiques > Déchets alimentaires et déchets verts,"compostage, déchet de cuisine, déchet vert",kgCO2e/kg de biodéchets,ADEME,,,"Impact sanitaire et environnemental du compostage domestique, ADEME, 2016",France continentale,Sud Ouest,Juin 2017,Decembre 2017,2020,,,4/4,3.1/4,Suffisante/acceptable,Très bonne,Très bonne,Peu suffisante,Bonne,Bonne,<p>Brassage : non</p>,Total Non Décomposé,,0.0237,0,0,1.71E-3,0.022,,,,,,,,,,,0,0.237
,Poste,25824,élément décomposé par gaz,Valide générique,Déchet cuisine et déchets verts,Compostage domestique en bac fermé (brassé),,Traitement des déchets > Déchets organiques > Déchets alimentaires et déchets verts,"compostage, déchet de cuisine, déchet vert",kgCO2e/kg de biodéchets,ADEME,,,"Impact sanitaire et environnemental du compostage domestique, ADEME, 2016",France continentale,Sud Ouest,Juin 2017,Decembre 2017,2020,,,4/4,2.9/4,Suffisante/acceptable,Très bonne,Très bonne,Peu suffisante,Suffisante/acceptable,Bonne,<p>Brassage : 1 fois par trimestre Moitié supérieure du bac</p>,Total Non Décomposé,,5.25E-3,0,0,4.76E-4,4.77E-3,,,,,,,,,,,0,0.097
,Poste,25825,élément décomposé par gaz,Valide générique,Déchet cuisine et déchets verts,Compostage domestique en bac fermé (non brassé),,Traitement des déchets > Déchets organiques > Déchets alimentaires et déchets verts,"compostage, déchet de cuisine, déchet vert",kgCO2e/kg de biodéchets,ADEME,,,"Impact sanitaire et environnemental du compostage domestique, ADEME, 2016",France continentale,Sud Ouest,Juin 2017,Decembre 2017,2020,,,4/4,3.1/4,Suffisante/acceptable,Très bonne,Très bonne,Peu suffisante,Bonne,Bonne,<p>Brassage : non</p>,Total Non Décomposé,,5.19E-3,0,0,4.20E-4,4.77E-3,,,,,,,,,,,0,0.164
,Poste,27077,élément décomposé par poste,Valide générique,Déchet du bâtiment,Béton,,Traitement des déchets > Déchets du bâtiment,"béton, bâtiment, déchet, fin de vie",kgCO2e/tonne,SEDDRe,,,,France continentale,France,Mars 2019,,27/03/2022,20%,,,4.5/4,Bonne,Très bonne,Très bonne,Bonne,Bonne,Bonne,,Collecte,Collecte des déchets,0.49,,,,,,,,,,,,,,,,
,Poste,27077,élément décomposé par poste,Valide générique,Déchet du bâtiment,Béton,,Traitement des déchets > Déchets du bâtiment,"béton, bâtiment, déchet, fin de vie",kgCO2e/tonne,SEDDRe,,,,France continentale,France,Mars 2019,,27/03/2022,20%,,,4.5/4,Bonne,Très bonne,Très bonne,Bonne,Bonne,Bonne,,Traitement,Fonctionnement des centres de tri,0.69,,,,,,,,,,,,,,,,
,Poste,27077,élément décomposé par poste,Valide générique,Déchet du bâtiment,Béton,,Traitement des déchets > Déchets du bâtiment,"béton, bâtiment, déchet, fin de vie",kgCO2e/tonne,SEDDRe,,,,France continentale,France,Mars 2019,,27/03/2022,20%,,,4.5/4,Bonne,Très bonne,Très bonne,Bonne,Bonne,Bonne,,Incinération,Mise en décharge,0.04,,,,,,,,,,,,,,,,
,Elément,27077,élément décomposé par poste,Valide générique,Déchet du bâtiment,Béton,,Traitement des déchets > Déchets du bâtiment,"béton, bâtiment, déchet, fin de vie",kgCO2e/tonne,SEDDRe,,,,France continentale,France,Mars 2019,,27/03/2022,20%,,,4.5/4,Bonne,Très bonne,Très bonne,Bonne,Bonne,Bonne,,,,1.22,,,,,,,,,,,,,,,,
,Poste,27078,élément décomposé par poste,Valide générique,Déchet du bâtiment,Déchets inertes en mélange,,Traitement des déchets > Déchets du bâtiment,"bâtiment, déchet, fin de vie, inerte",kgCO2e/tonne,SEDDRe,,,,France continentale,France,Mars 2019,,27/03/2022,14%,,,4.5/4,Bonne,Très bonne,Très bonne,Bonne,Bonne,Bonne,,Collecte,Collecte des déchets,1,,,,,,,,,,,,,,,,
,Poste,27078,élément décomposé par poste,Valide générique,Déchet du bâtiment,Déchets inertes en mélange,,Traitement des déchets > Déchets du bâtiment,"bâtiment, déchet, fin de vie, inerte",kgCO2e/tonne,SEDDRe,,,,France continentale,France,Mars 2019,,27/03/2022,14%,,,4.5/4,Bonne,Très bonne,Très bonne,Bonne,Bonne,Bonne,,Traitement,Fonctionnement des centres de tri,3.73,,,,,,,,,,,,,,,,
,Poste,27078,élément décomposé par poste,Valide générique,Déchet du bâtiment,Déchets inertes en mélange,,Traitement des déchets > Déchets du bâtiment,"bâtiment, déchet, fin de vie, inerte",kgCO2e/tonne,SEDDRe,,,,France continentale,France,Mars 2019,,27/03/2022,14%,,,4.5/4,Bonne,Très bonne,Très bonne,Bonne,Bonne,Bonne,,Incinération,Mise en décharge,0.85,,,,,,,,,,,,,,,,
,Elément,27078,élément décomposé par poste,Valide générique,Déchet du bâtiment,Déchets inertes en mélange,,Traitement des déchets > Déchets du bâtiment,"bâtiment, déchet, fin de vie, inerte",kgCO2e/tonne,SEDDRe,,,,France continentale,France,Mars 2019,,27/03/2022,14%,,,4.5/4,Bonne,Très bonne,Très bonne,Bonne,Bonne,Bonne,,,,5.58,,,,,,,,,,,,,,,,
,Poste,27079,élément décomposé par poste,Valide générique,Déchet du bâtiment,Déchets non dangereux en mélange,,Traitement des déchets > Déchets du bâtiment,"bâtiment, déchet, fin de vie, DND",kgCO2e/tonne,SEDDRe,,,,France continentale,France,Mars 2019,,27/03/2022,19%,,,4.5/4,Bonne,Très bonne,Très bonne,Bonne,Bonne,Bonne,,Collecte,Collecte des déchets,3.03,,,,,,,,,,,,,,,,
,Poste,27079,élément décomposé par poste,Valide générique,Déchet du bâtiment,Déchets non dangereux en mélange,,Traitement des déchets > Déchets du bâtiment,"bâtiment, déchet, fin de vie, DND",kgCO2e/tonne,SEDDRe,,,,France continentale,France,Mars 2019,,27/03/2022,19%,,,4.5/4,Bonne,Très bonne,Très bonne,Bonne,Bonne,Bonne,,Traitement,Fonctionnement des centres de tri,8.57,,,,,,,,,,,,,,,,
,Poste,27079,élément décomposé par poste,Valide générique,Déchet du bâtiment,Déchets non dangereux en mélange,,Traitement des déchets > Déchets du bâtiment,"bâtiment, déchet, fin de vie, DND",kgCO2e/tonne,SEDDRe,,,,France continentale,France,Mars 2019,,27/03/2022,19%,,,4.5/4,Bonne,Très bonne,Très bonne,Bonne,Bonne,Bonne,,Incinération,Mise en décharge,10.4,,,,,,,,,,,,,,,,
,Elément,27079,élément décomposé par poste,Valide générique,Déchet du bâtiment,Déchets non dangereux en mélange,,Traitement des déchets > Déchets du bâtiment,"bâtiment, déchet, fin de vie, DND",kgCO2e/tonne,SEDDRe,,,,France continentale,France,Mars 2019,,27/03/2022,19%,,,4.5/4,Bonne,Très bonne,Très bonne,Bonne,Bonne,Bonne,,,,22,,,,,,,,,,,,,,,,
,Poste,27080,élément décomposé par poste,Valide générique,Déchet du bâtiment,Bois B,,Traitement des déchets > Déchets du bâtiment,"bois, bâtiment, déchet, fin de vie",kgCO2e/tonne,SEDDRe,,,,France continentale,France,Mars 2019,,27/03/2022,18%,,,4.5/4,Bonne,Très bonne,Très bonne,Bonne,Bonne,Bonne,,Collecte,Collecte des déchets,2,,,,,,,,,,,,,,,,
,Poste,27080,élément décomposé par poste,Valide générique,Déchet du bâtiment,Bois B,,Traitement des déchets > Déchets du bâtiment,"bois, bâtiment, déchet, fin de vie",kgCO2e/tonne,SEDDRe,,,,France continentale,France,Mars 2019,,27/03/2022,18%,,,4.5/4,Bonne,Très bonne,Très bonne,Bonne,Bonne,Bonne,,Traitement,Fonctionnement des centres de tri,2.72,,,,,,,,,,,,,,,,
,Poste,27080,élément décomposé par poste,Valide générique,Déchet du bâtiment,Bois B,,Traitement des déchets > Déchets du bâtiment,"bois, bâtiment, déchet, fin de vie",kgCO2e/tonne,SEDDRe,,,,France continentale,France,Mars 2019,,27/03/2022,18%,,,4.5/4,Bonne,Très bonne,Très bonne,Bonne,Bonne,Bonne,,Incinération,Mise en décharge,0.39,,,,,,,,,,,,,,,,
,Elément,27080,élément décomposé par poste,Valide générique,Déchet du bâtiment,Bois B,,Traitement des déchets > Déchets du bâtiment,"bois, bâtiment, déchet, fin de vie",kgCO2e/tonne,SEDDRe,,,,France continentale,France,Mars 2019,,27/03/2022,18%,,,4.5/4,Bonne,Très bonne,Très bonne,Bonne,Bonne,Bonne,,,,5.11,,,,,,,,,,,,,,,,
,Poste,27081,élément décomposé par poste,Valide générique,Déchet du bâtiment,Plâtre,,Traitement des déchets > Déchets du bâtiment,"plâtre, bâtiment, déchet, fin de vie",kgCO2e/tonne,SEDDRe,,,,France continentale,France,Mars 2019,,27/03/2022,16%,,,4.5/4,Bonne,Très bonne,Très bonne,Bonne,Bonne,Bonne,,Collecte,Collecte des déchets,4.81,,,,,,,,,,,,,,,,
,Poste,27081,élément décomposé par poste,Valide générique,Déchet du bâtiment,Plâtre,,Traitement des déchets > Déchets du bâtiment,"plâtre, bâtiment, déchet, fin de vie",kgCO2e/tonne,SEDDRe,,,,France continentale,France,Mars 2019,,27/03/2022,16%,,,4.5/4,Bonne,Très bonne,Très bonne,Bonne,Bonne,Bonne,,Traitement,Fonctionnement des centres de tri,8.28,,,,,,,,,,,,,,,,
,Poste,27081,élément décomposé par poste,Valide générique,Déchet du bâtiment,Plâtre,,Traitement des déchets > Déchets du bâtiment,"plâtre, bâtiment, déchet, fin de vie",kgCO2e/tonne,SEDDRe,,,,France continentale,France,Mars 2019,,27/03/2022,16%,,,4.5/4,Bonne,Très bonne,Très bonne,Bonne,Bonne,Bonne,,Incinération,Mise en décharge,2.6,,,,,,,,,,,,,,,,
,Elément,27081,élément décomposé par poste,Valide générique,Déchet du bâtiment,Plâtre,,Traitement des déchets > Déchets du bâtiment,"plâtre, bâtiment, déchet, fin de vie",kgCO2e/tonne,SEDDRe,,,,France continentale,France,Mars 2019,,27/03/2022,16%,,,4.5/4,Bonne,Très bonne,Très bonne,Bonne,Bonne,Bonne,,,,15.7,,,,,,,,,,,,,,,,
,Poste,27082,élément décomposé par poste,Valide générique,Déchet du bâtiment,Métaux,,Traitement des déchets > Déchets du bâtiment,"métaux, bâtiment, métal, déchet, fin de vie",kgCO2e/tonne,SEDDRe,,,,France continentale,France,Mars 2019,,27/03/2022,18%,,,4.5/4,Bonne,Très bonne,Très bonne,Bonne,Bonne,Bonne,,Collecte,Collecte des déchets,0.33,,,,,,,,,,,,,,,,
,Poste,27082,élément décomposé par poste,Valide générique,Déchet du bâtiment,Métaux,,Traitement des déchets > Déchets du bâtiment,"métaux, bâtiment, métal, déchet, fin de vie",kgCO2e/tonne,SEDDRe,,,,France continentale,France,Mars 2019,,27/03/2022,18%,,,4.5/4,Bonne,Très bonne,Très bonne,Bonne,Bonne,Bonne,,Traitement,Fonctionnement des centres de tri,3.98,,,,,,,,,,,,,,,,
,Poste,27082,élément décomposé par poste,Valide générique,Déchet du bâtiment,Métaux,,Traitement des déchets > Déchets du bâtiment,"métaux, bâtiment, métal, déchet, fin de vie",kgCO2e/tonne,SEDDRe,,,,France continentale,France,Mars 2019,,27/03/2022,18%,,,4.5/4,Bonne,Très bonne,Très bonne,Bonne,Bonne,Bonne,,Incinération,Mise en décharge,0,,,,,,,,,,,,,,,,
,Elément,27082,élément décomposé par poste,Valide générique,Déchet du bâtiment,Métaux,,Traitement des déchets > Déchets du bâtiment,"métaux, bâtiment, métal, déchet, fin de vie",kgCO2e/tonne,SEDDRe,,,,France continentale,France,Mars 2019,,27/03/2022,18%,,,4.5/4,Bonne,Très bonne,Très bonne,Bonne,Bonne,Bonne,,,,4.31,,,,,,,,,,,,,,,,
